{"cameraMode":{"drawMode":0,"name":"Shaded","section":"Shading Mode"},"sceneLighting":true,"audioPlay":false,"sceneViewState":{"m_AlwaysRefresh":false,"showFog":true,"showSkybox":true,"showFlares":true,"showImageEffects":true,"showParticleSystems":true,"showVisualEffectGraphs":true,"m_FxEnabled":true},"in2DMode":false,"pivot":{"x":705.0725708007813,"y":223.9586944580078,"z":6.102897644042969},"rotation":{"x":-0.07822901755571366,"y":0.00657724030315876,"z":-0.0005228528170846403,"w":-0.9969257712364197},"size":103.07764434814453,"orthographic":false}